INSERT INTO FOO_COMPANY (ID, NAME, SUPPLIER) VALUES
	(1, 'Company 1_0', 'Y'),
	(2, 'Company 2_0', 'Y'),
	(3, 'Company 3_0', 'Y'),
	(4, 'Häagen daß_0', 'Y'),
	(5, 'Company 1_1', 'Y'),
	(6, 'Company 2_1', 'Y'),
	(7, 'Company 3_1', 'Y'),
	(8, 'Häagen daß_1', 'Y'),
	(9, 'Company 1_2', 'Y'),
	(10, 'Company 2_2', 'Y'),
	(11, 'Company 3_2', 'Y'),
	(12, 'Häagen daß_2', 'Y'),
	(13, 'Company 1_3', 'Y'),
	(14, 'Company 2_3', 'Y'),
	(15, 'Company 3_3', 'Y'),
	(16, 'Häagen daß_3', 'Y'),
	(17, 'Company 1_4', 'Y'),
	(18, 'Company 2_4', 'Y'),
	(19, 'Company 3_4', 'Y'),
	(20, 'Häagen daß_4', 'Y'),
	(21, 'Company 1_5', 'Y'),
	(22, 'Company 2_5', 'Y'),
	(23, 'Company 3_5', 'Y'),
	(24, 'Häagen daß_5', 'Y'),
	(25, 'Company 1_6', 'Y'),
	(26, 'Company 2_6', 'Y'),
	(27, 'Company 3_6', 'Y'),
	(28, 'Häagen daß_6', 'Y'),
	(29, 'Company 1_7', 'Y'),
	(30, 'Company 2_7', 'Y'),
	(31, 'Company 3_7', 'Y'),
	(32, 'Häagen daß_7', 'Y'),
	(33, 'Company 1_8', 'Y'),
	(34, 'Company 2_8', 'Y'),
	(35, 'Company 3_8', 'Y'),
	(36, 'Häagen daß_8', 'Y'),
	(37, 'Company 1_9', 'Y'),
	(38, 'Company 2_9', 'Y'),
	(39, 'Company 3_9', 'Y'),
	(40, 'Häagen daß_9', 'Y'),
	(41, 'Company 1_10', 'Y'),
	(42, 'Company 2_10', 'Y'),
	(43, 'Company 3_10', 'Y'),
	(44, 'Häagen daß_10', 'Y'),
	(45, 'Company 1_11', 'Y'),
	(46, 'Company 2_11', 'Y'),
	(47, 'Company 3_11', 'Y'),
	(48, 'Häagen daß_11', 'Y'),
	(49, 'Company 1_12', 'Y'),
	(50, 'Company 2_12', 'Y'),
	(51, 'Company 3_12', 'Y'),
	(52, 'Häagen daß_12', 'Y'),
	(53, 'Company 1_13', 'Y'),
	(54, 'Company 2_13', 'Y'),
	(55, 'Company 3_13', 'Y'),
	(56, 'Häagen daß_13', 'Y'),
	(57, 'Company 1_14', 'Y'),
	(58, 'Company 2_14', 'Y'),
	(59, 'Company 3_14', 'Y'),
	(60, 'Häagen daß_14', 'Y'),
	(61, 'Company 1_15', 'Y'),
	(62, 'Company 2_15', 'Y'),
	(63, 'Company 3_15', 'Y'),
	(64, 'Häagen daß_15', 'Y'),
	(65, 'Company 1_16', 'Y'),
	(66, 'Company 2_16', 'Y'),
	(67, 'Company 3_16', 'Y'),
	(68, 'Häagen daß_16', 'Y'),
	(69, 'Company 1_17', 'Y'),
	(70, 'Company 2_17', 'Y'),
	(71, 'Company 3_17', 'Y'),
	(72, 'Häagen daß_17', 'Y'),
	(73, 'Company 1_18', 'Y'),
	(74, 'Company 2_18', 'Y'),
	(75, 'Company 3_18', 'Y'),
	(76, 'Häagen daß_18', 'Y'),
	(77, 'Company 1_19', 'Y'),
	(78, 'Company 2_19', 'Y'),
	(79, 'Company 3_19', 'Y'),
	(80, 'Häagen daß_19', 'Y'),
	(81, 'Company 1_20', 'Y'),
	(82, 'Company 2_20', 'Y'),
	(83, 'Company 3_20', 'Y'),
	(84, 'Häagen daß_20', 'Y'),
	(85, 'Company 1_21', 'Y'),
	(86, 'Company 2_21', 'Y'),
	(87, 'Company 3_21', 'Y'),
	(88, 'Häagen daß_21', 'Y'),
	(89, 'Company 1_22', 'Y'),
	(90, 'Company 2_22', 'Y'),
	(91, 'Company 3_22', 'Y'),
	(92, 'Häagen daß_22', 'Y'),
	(93, 'Company 1_23', 'Y'),
	(94, 'Company 2_23', 'Y'),
	(95, 'Company 3_23', 'Y'),
	(96, 'Häagen daß_23', 'Y'),
	(97, 'Company 1_24', 'Y'),
	(98, 'Company 2_24', 'Y'),
	(99, 'Company 3_24', 'Y'),
	(100, 'Häagen daß_24', 'Y'),
	(101, 'Company 1_25', 'Y'),
	(102, 'Company 2_25', 'Y'),
	(103, 'Company 3_25', 'Y'),
	(104, 'Häagen daß_25', 'Y'),
	(105, 'Company 1_26', 'Y'),
	(106, 'Company 2_26', 'Y'),
	(107, 'Company 3_26', 'Y'),
	(108, 'Häagen daß_26', 'Y'),
	(109, 'Company 1_27', 'Y'),
	(110, 'Company 2_27', 'Y'),
	(111, 'Company 3_27', 'Y'),
	(112, 'Häagen daß_27', 'Y'),
	(113, 'Company 1_28', 'Y'),
	(114, 'Company 2_28', 'Y'),
	(115, 'Company 3_28', 'Y'),
	(116, 'Häagen daß_28', 'Y'),
	(117, 'Company 1_29', 'Y'),
	(118, 'Company 2_29', 'Y'),
	(119, 'Company 3_29', 'Y'),
	(120, 'Häagen daß_29', 'Y'),
	(121, 'Company 1_30', 'Y'),
	(122, 'Company 2_30', 'Y'),
	(123, 'Company 3_30', 'Y'),
	(124, 'Häagen daß_30', 'Y'),
	(125, 'Company 1_31', 'Y'),
	(126, 'Company 2_31', 'Y'),
	(127, 'Company 3_31', 'Y'),
	(128, 'Häagen daß_31', 'Y'),
	(129, 'Company 1_32', 'Y'),
	(130, 'Company 2_32', 'Y'),
	(131, 'Company 3_32', 'Y'),
	(132, 'Häagen daß_32', 'Y'),
	(133, 'Company 1_33', 'Y'),
	(134, 'Company 2_33', 'Y'),
	(135, 'Company 3_33', 'Y'),
	(136, 'Häagen daß_33', 'Y'),
	(137, 'Company 1_34', 'Y'),
	(138, 'Company 2_34', 'Y'),
	(139, 'Company 3_34', 'Y'),
	(140, 'Häagen daß_34', 'Y'),
	(141, 'Company 1_35', 'Y'),
	(142, 'Company 2_35', 'Y'),
	(143, 'Company 3_35', 'Y'),
	(144, 'Häagen daß_35', 'Y'),
	(145, 'Company 1_36', 'Y'),
	(146, 'Company 2_36', 'Y'),
	(147, 'Company 3_36', 'Y'),
	(148, 'Häagen daß_36', 'Y'),
	(149, 'Company 1_37', 'Y'),
	(150, 'Company 2_37', 'Y'),
	(151, 'Company 3_37', 'Y'),
	(152, 'Häagen daß_37', 'Y'),
	(153, 'Company 1_38', 'Y'),
	(154, 'Company 2_38', 'Y'),
	(155, 'Company 3_38', 'Y'),
	(156, 'Häagen daß_38', 'Y'),
	(157, 'Company 1_39', 'Y'),
	(158, 'Company 2_39', 'Y'),
	(159, 'Company 3_39', 'Y'),
	(160, 'Häagen daß_39', 'Y'),
	(161, 'Company 1_40', 'Y'),
	(162, 'Company 2_40', 'Y'),
	(163, 'Company 3_40', 'Y'),
	(164, 'Häagen daß_40', 'Y'),
	(165, 'Company 1_41', 'Y'),
	(166, 'Company 2_41', 'Y'),
	(167, 'Company 3_41', 'Y'),
	(168, 'Häagen daß_41', 'Y'),
	(169, 'Company 1_42', 'Y'),
	(170, 'Company 2_42', 'Y'),
	(171, 'Company 3_42', 'Y'),
	(172, 'Häagen daß_42', 'Y'),
	(173, 'Company 1_43', 'Y'),
	(174, 'Company 2_43', 'Y'),
	(175, 'Company 3_43', 'Y'),
	(176, 'Häagen daß_43', 'Y'),
	(177, 'Company 1_44', 'Y'),
	(178, 'Company 2_44', 'Y'),
	(179, 'Company 3_44', 'Y'),
	(180, 'Häagen daß_44', 'Y'),
	(181, 'Company 1_45', 'Y'),
	(182, 'Company 2_45', 'Y'),
	(183, 'Company 3_45', 'Y'),
	(184, 'Häagen daß_45', 'Y'),
	(185, 'Company 1_46', 'Y'),
	(186, 'Company 2_46', 'Y'),
	(187, 'Company 3_46', 'Y'),
	(188, 'Häagen daß_46', 'Y'),
	(189, 'Company 1_47', 'Y'),
	(190, 'Company 2_47', 'Y'),
	(191, 'Company 3_47', 'Y'),
	(192, 'Häagen daß_47', 'Y'),
	(193, 'Company 1_48', 'Y'),
	(194, 'Company 2_48', 'Y'),
	(195, 'Company 3_48', 'Y'),
	(196, 'Häagen daß_48', 'Y'),
	(197, 'Company 1_49', 'Y'),
	(198, 'Company 2_49', 'Y'),
	(199, 'Company 3_49', 'Y'),
	(200, 'Häagen daß_49', 'Y'),
	(201, 'Company 1_50', 'Y'),
	(202, 'Company 2_50', 'Y'),
	(203, 'Company 3_50', 'Y'),
	(204, 'Häagen daß_50', 'Y'),
	(205, 'Company 1_51', 'Y'),
	(206, 'Company 2_51', 'Y'),
	(207, 'Company 3_51', 'Y'),
	(208, 'Häagen daß_51', 'Y'),
	(209, 'Company 1_52', 'Y'),
	(210, 'Company 2_52', 'Y'),
	(211, 'Company 3_52', 'Y'),
	(212, 'Häagen daß_52', 'Y'),
	(213, 'Company 1_53', 'Y'),
	(214, 'Company 2_53', 'Y'),
	(215, 'Company 3_53', 'Y'),
	(216, 'Häagen daß_53', 'Y'),
	(217, 'Company 1_54', 'Y'),
	(218, 'Company 2_54', 'Y'),
	(219, 'Company 3_54', 'Y'),
	(220, 'Häagen daß_54', 'Y'),
	(221, 'Company 1_55', 'Y'),
	(222, 'Company 2_55', 'Y'),
	(223, 'Company 3_55', 'Y'),
	(224, 'Häagen daß_55', 'Y'),
	(225, 'Company 1_56', 'Y'),
	(226, 'Company 2_56', 'Y'),
	(227, 'Company 3_56', 'Y'),
	(228, 'Häagen daß_56', 'Y'),
	(229, 'Company 1_57', 'Y'),
	(230, 'Company 2_57', 'Y'),
	(231, 'Company 3_57', 'Y'),
	(232, 'Häagen daß_57', 'Y'),
	(233, 'Company 1_58', 'Y'),
	(234, 'Company 2_58', 'Y'),
	(235, 'Company 3_58', 'Y'),
	(236, 'Häagen daß_58', 'Y'),
	(237, 'Company 1_59', 'Y'),
	(238, 'Company 2_59', 'Y'),
	(239, 'Company 3_59', 'Y'),
	(240, 'Häagen daß_59', 'Y'),
	(241, 'Company 1_60', 'Y'),
	(242, 'Company 2_60', 'Y'),
	(243, 'Company 3_60', 'Y'),
	(244, 'Häagen daß_60', 'Y'),
	(245, 'Company 1_61', 'Y'),
	(246, 'Company 2_61', 'Y'),
	(247, 'Company 3_61', 'Y'),
	(248, 'Häagen daß_61', 'Y'),
	(249, 'Company 1_62', 'Y'),
	(250, 'Company 2_62', 'Y'),
	(251, 'Company 3_62', 'Y'),
	(252, 'Häagen daß_62', 'Y'),
	(253, 'Company 1_63', 'Y'),
	(254, 'Company 2_63', 'Y'),
	(255, 'Company 3_63', 'Y'),
	(256, 'Häagen daß_63', 'Y'),
	(257, 'Company 1_64', 'Y'),
	(258, 'Company 2_64', 'Y'),
	(259, 'Company 3_64', 'Y'),
	(260, 'Häagen daß_64', 'Y'),
	(261, 'Company 1_65', 'Y'),
	(262, 'Company 2_65', 'Y'),
	(263, 'Company 3_65', 'Y'),
	(264, 'Häagen daß_65', 'Y'),
	(265, 'Company 1_66', 'Y'),
	(266, 'Company 2_66', 'Y'),
	(267, 'Company 3_66', 'Y'),
	(268, 'Häagen daß_66', 'Y'),
	(269, 'Company 1_67', 'Y'),
	(270, 'Company 2_67', 'Y'),
	(271, 'Company 3_67', 'Y'),
	(272, 'Häagen daß_67', 'Y'),
	(273, 'Company 1_68', 'Y'),
	(274, 'Company 2_68', 'Y'),
	(275, 'Company 3_68', 'Y'),
	(276, 'Häagen daß_68', 'Y'),
	(277, 'Company 1_69', 'Y'),
	(278, 'Company 2_69', 'Y'),
	(279, 'Company 3_69', 'Y'),
	(280, 'Häagen daß_69', 'Y'),
	(281, 'Company 1_70', 'Y'),
	(282, 'Company 2_70', 'Y'),
	(283, 'Company 3_70', 'Y'),
	(284, 'Häagen daß_70', 'Y'),
	(285, 'Company 1_71', 'Y'),
	(286, 'Company 2_71', 'Y'),
	(287, 'Company 3_71', 'Y'),
	(288, 'Häagen daß_71', 'Y'),
	(289, 'Company 1_72', 'Y'),
	(290, 'Company 2_72', 'Y'),
	(291, 'Company 3_72', 'Y'),
	(292, 'Häagen daß_72', 'Y'),
	(293, 'Company 1_73', 'Y'),
	(294, 'Company 2_73', 'Y'),
	(295, 'Company 3_73', 'Y'),
	(296, 'Häagen daß_73', 'Y'),
	(297, 'Company 1_74', 'Y'),
	(298, 'Company 2_74', 'Y'),
	(299, 'Company 3_74', 'Y'),
	(300, 'Häagen daß_74', 'Y'),
	(301, 'Company 1_75', 'Y'),
	(302, 'Company 2_75', 'Y'),
	(303, 'Company 3_75', 'Y'),
	(304, 'Häagen daß_75', 'Y'),
	(305, 'Company 1_76', 'Y'),
	(306, 'Company 2_76', 'Y'),
	(307, 'Company 3_76', 'Y'),
	(308, 'Häagen daß_76', 'Y'),
	(309, 'Company 1_77', 'Y'),
	(310, 'Company 2_77', 'Y'),
	(311, 'Company 3_77', 'Y'),
	(312, 'Häagen daß_77', 'Y'),
	(313, 'Company 1_78', 'Y'),
	(314, 'Company 2_78', 'Y'),
	(315, 'Company 3_78', 'Y'),
	(316, 'Häagen daß_78', 'Y'),
	(317, 'Company 1_79', 'Y'),
	(318, 'Company 2_79', 'Y'),
	(319, 'Company 3_79', 'Y'),
	(320, 'Häagen daß_79', 'Y'),
	(321, 'Company 1_80', 'Y'),
	(322, 'Company 2_80', 'Y'),
	(323, 'Company 3_80', 'Y'),
	(324, 'Häagen daß_80', 'Y'),
	(325, 'Company 1_81', 'Y'),
	(326, 'Company 2_81', 'Y'),
	(327, 'Company 3_81', 'Y'),
	(328, 'Häagen daß_81', 'Y'),
	(329, 'Company 1_82', 'Y'),
	(330, 'Company 2_82', 'Y'),
	(331, 'Company 3_82', 'Y'),
	(332, 'Häagen daß_82', 'Y'),
	(333, 'Company 1_83', 'Y'),
	(334, 'Company 2_83', 'Y'),
	(335, 'Company 3_83', 'Y'),
	(336, 'Häagen daß_83', 'Y'),
	(337, 'Company 1_84', 'Y'),
	(338, 'Company 2_84', 'Y'),
	(339, 'Company 3_84', 'Y'),
	(340, 'Häagen daß_84', 'Y'),
	(341, 'Company 1_85', 'Y'),
	(342, 'Company 2_85', 'Y'),
	(343, 'Company 3_85', 'Y'),
	(344, 'Häagen daß_85', 'Y'),
	(345, 'Company 1_86', 'Y'),
	(346, 'Company 2_86', 'Y'),
	(347, 'Company 3_86', 'Y'),
	(348, 'Häagen daß_86', 'Y'),
	(349, 'Company 1_87', 'Y'),
	(350, 'Company 2_87', 'Y'),
	(351, 'Company 3_87', 'Y'),
	(352, 'Häagen daß_87', 'Y'),
	(353, 'Company 1_88', 'Y'),
	(354, 'Company 2_88', 'Y'),
	(355, 'Company 3_88', 'Y'),
	(356, 'Häagen daß_88', 'Y'),
	(357, 'Company 1_89', 'Y'),
	(358, 'Company 2_89', 'Y'),
	(359, 'Company 3_89', 'Y'),
	(360, 'Häagen daß_89', 'Y'),
	(361, 'Company 1_90', 'Y'),
	(362, 'Company 2_90', 'Y'),
	(363, 'Company 3_90', 'Y'),
	(364, 'Häagen daß_90', 'Y'),
	(365, 'Company 1_91', 'Y'),
	(366, 'Company 2_91', 'Y'),
	(367, 'Company 3_91', 'Y'),
	(368, 'Häagen daß_91', 'Y'),
	(369, 'Company 1_92', 'Y'),
	(370, 'Company 2_92', 'Y'),
	(371, 'Company 3_92', 'Y'),
	(372, 'Häagen daß_92', 'Y'),
	(373, 'Company 1_93', 'Y'),
	(374, 'Company 2_93', 'Y'),
	(375, 'Company 3_93', 'Y'),
	(376, 'Häagen daß_93', 'Y'),
	(377, 'Company 1_94', 'Y'),
	(378, 'Company 2_94', 'Y'),
	(379, 'Company 3_94', 'Y'),
	(380, 'Häagen daß_94', 'Y'),
	(381, 'Company 1_95', 'Y'),
	(382, 'Company 2_95', 'Y'),
	(383, 'Company 3_95', 'Y'),
	(384, 'Häagen daß_95', 'Y'),
	(385, 'Company 1_96', 'Y'),
	(386, 'Company 2_96', 'Y'),
	(387, 'Company 3_96', 'Y'),
	(388, 'Häagen daß_96', 'Y'),
	(389, 'Company 1_97', 'Y'),
	(390, 'Company 2_97', 'Y'),
	(391, 'Company 3_97', 'Y'),
	(392, 'Häagen daß_97', 'Y'),
	(393, 'Company 1_98', 'Y'),
	(394, 'Company 2_98', 'Y'),
	(395, 'Company 3_98', 'Y'),
	(396, 'Häagen daß_98', 'Y'),
	(397, 'Company 1_99', 'Y'),
	(398, 'Company 2_99', 'Y'),
	(399, 'Company 3_99', 'Y'),
	(400, 'Häagen daß_99', 'Y');
INSERT INTO FOO_DATA (ID, SOME_DATA) VALUES
	(1, CAST (X'' AS BLOB)),
	(2, CAST (X'' AS BLOB)),
	(3, CAST (X'' AS BLOB)),
	(4, CAST (X'' AS BLOB)),
	(5, CAST (X'' AS BLOB)),
	(6, CAST (X'' AS BLOB)),
	(7, CAST (X'' AS BLOB)),
	(8, CAST (X'' AS BLOB)),
	(9, CAST (X'' AS BLOB)),
	(10, CAST (X'' AS BLOB)),
	(11, CAST (X'' AS BLOB)),
	(12, CAST (X'' AS BLOB)),
	(13, CAST (X'' AS BLOB)),
	(14, CAST (X'' AS BLOB)),
	(15, CAST (X'' AS BLOB)),
	(16, CAST (X'' AS BLOB)),
	(17, CAST (X'' AS BLOB)),
	(18, CAST (X'' AS BLOB)),
	(19, CAST (X'' AS BLOB)),
	(20, CAST (X'' AS BLOB)),
	(21, CAST (X'' AS BLOB)),
	(22, CAST (X'' AS BLOB)),
	(23, CAST (X'' AS BLOB)),
	(24, CAST (X'' AS BLOB)),
	(25, CAST (X'' AS BLOB)),
	(26, CAST (X'' AS BLOB)),
	(27, CAST (X'' AS BLOB)),
	(28, CAST (X'' AS BLOB)),
	(29, CAST (X'' AS BLOB)),
	(30, CAST (X'' AS BLOB)),
	(31, CAST (X'' AS BLOB)),
	(32, CAST (X'' AS BLOB)),
	(33, CAST (X'' AS BLOB)),
	(34, CAST (X'' AS BLOB)),
	(35, CAST (X'' AS BLOB)),
	(36, CAST (X'' AS BLOB)),
	(37, CAST (X'' AS BLOB)),
	(38, CAST (X'' AS BLOB)),
	(39, CAST (X'' AS BLOB)),
	(40, CAST (X'' AS BLOB)),
	(41, CAST (X'' AS BLOB)),
	(42, CAST (X'' AS BLOB)),
	(43, CAST (X'' AS BLOB)),
	(44, CAST (X'' AS BLOB)),
	(45, CAST (X'' AS BLOB)),
	(46, CAST (X'' AS BLOB)),
	(47, CAST (X'' AS BLOB)),
	(48, CAST (X'' AS BLOB)),
	(49, CAST (X'' AS BLOB)),
	(50, CAST (X'' AS BLOB)),
	(51, CAST (X'' AS BLOB)),
	(52, CAST (X'' AS BLOB)),
	(53, CAST (X'' AS BLOB)),
	(54, CAST (X'' AS BLOB)),
	(55, CAST (X'' AS BLOB)),
	(56, CAST (X'' AS BLOB)),
	(57, CAST (X'' AS BLOB)),
	(58, CAST (X'' AS BLOB)),
	(59, CAST (X'' AS BLOB)),
	(60, CAST (X'' AS BLOB)),
	(61, CAST (X'' AS BLOB)),
	(62, CAST (X'' AS BLOB)),
	(63, CAST (X'' AS BLOB)),
	(64, CAST (X'' AS BLOB)),
	(65, CAST (X'' AS BLOB)),
	(66, CAST (X'' AS BLOB)),
	(67, CAST (X'' AS BLOB)),
	(68, CAST (X'' AS BLOB)),
	(69, CAST (X'' AS BLOB)),
	(70, CAST (X'' AS BLOB)),
	(71, CAST (X'' AS BLOB)),
	(72, CAST (X'' AS BLOB)),
	(73, CAST (X'' AS BLOB)),
	(74, CAST (X'' AS BLOB)),
	(75, CAST (X'' AS BLOB)),
	(76, CAST (X'' AS BLOB)),
	(77, CAST (X'' AS BLOB)),
	(78, CAST (X'' AS BLOB)),
	(79, CAST (X'' AS BLOB)),
	(80, CAST (X'' AS BLOB)),
	(81, CAST (X'' AS BLOB)),
	(82, CAST (X'' AS BLOB)),
	(83, CAST (X'' AS BLOB)),
	(84, CAST (X'' AS BLOB)),
	(85, CAST (X'' AS BLOB)),
	(86, CAST (X'' AS BLOB)),
	(87, CAST (X'' AS BLOB)),
	(88, CAST (X'' AS BLOB)),
	(89, CAST (X'' AS BLOB)),
	(90, CAST (X'' AS BLOB)),
	(91, CAST (X'' AS BLOB)),
	(92, CAST (X'' AS BLOB)),
	(93, CAST (X'' AS BLOB)),
	(94, CAST (X'' AS BLOB)),
	(95, CAST (X'' AS BLOB)),
	(96, CAST (X'' AS BLOB)),
	(97, CAST (X'' AS BLOB)),
	(98, CAST (X'' AS BLOB)),
	(99, CAST (X'' AS BLOB)),
	(100, CAST (X'' AS BLOB));
INSERT INTO FOO_ROLE (FIXED_ROLE, ID, ROLE_NAME) VALUES
	('Y', 1, 'Role 1_0'),
	('Y', 2, 'Role 2_0'),
	('Y', 3, 'Role 3_0'),
	('Y', 4, 'Role 4_0'),
	('Y', 5, 'Role 1_1'),
	('Y', 6, 'Role 2_1'),
	('Y', 7, 'Role 3_1'),
	('Y', 8, 'Role 4_1'),
	('Y', 9, 'Role 1_2'),
	('Y', 10, 'Role 2_2'),
	('Y', 11, 'Role 3_2'),
	('Y', 12, 'Role 4_2'),
	('Y', 13, 'Role 1_3'),
	('Y', 14, 'Role 2_3'),
	('Y', 15, 'Role 3_3'),
	('Y', 16, 'Role 4_3'),
	('Y', 17, 'Role 1_4'),
	('Y', 18, 'Role 2_4'),
	('Y', 19, 'Role 3_4'),
	('Y', 20, 'Role 4_4'),
	('Y', 21, 'Role 1_5'),
	('Y', 22, 'Role 2_5'),
	('Y', 23, 'Role 3_5'),
	('Y', 24, 'Role 4_5'),
	('Y', 25, 'Role 1_6'),
	('Y', 26, 'Role 2_6'),
	('Y', 27, 'Role 3_6'),
	('Y', 28, 'Role 4_6'),
	('Y', 29, 'Role 1_7'),
	('Y', 30, 'Role 2_7'),
	('Y', 31, 'Role 3_7'),
	('Y', 32, 'Role 4_7'),
	('Y', 33, 'Role 1_8'),
	('Y', 34, 'Role 2_8'),
	('Y', 35, 'Role 3_8'),
	('Y', 36, 'Role 4_8'),
	('Y', 37, 'Role 1_9'),
	('Y', 38, 'Role 2_9'),
	('Y', 39, 'Role 3_9'),
	('Y', 40, 'Role 4_9'),
	('Y', 41, 'Role 1_10'),
	('Y', 42, 'Role 2_10'),
	('Y', 43, 'Role 3_10'),
	('Y', 44, 'Role 4_10'),
	('Y', 45, 'Role 1_11'),
	('Y', 46, 'Role 2_11'),
	('Y', 47, 'Role 3_11'),
	('Y', 48, 'Role 4_11'),
	('Y', 49, 'Role 1_12'),
	('Y', 50, 'Role 2_12'),
	('Y', 51, 'Role 3_12'),
	('Y', 52, 'Role 4_12'),
	('Y', 53, 'Role 1_13'),
	('Y', 54, 'Role 2_13'),
	('Y', 55, 'Role 3_13'),
	('Y', 56, 'Role 4_13'),
	('Y', 57, 'Role 1_14'),
	('Y', 58, 'Role 2_14'),
	('Y', 59, 'Role 3_14'),
	('Y', 60, 'Role 4_14'),
	('Y', 61, 'Role 1_15'),
	('Y', 62, 'Role 2_15'),
	('Y', 63, 'Role 3_15'),
	('Y', 64, 'Role 4_15'),
	('Y', 65, 'Role 1_16'),
	('Y', 66, 'Role 2_16'),
	('Y', 67, 'Role 3_16'),
	('Y', 68, 'Role 4_16'),
	('Y', 69, 'Role 1_17'),
	('Y', 70, 'Role 2_17'),
	('Y', 71, 'Role 3_17'),
	('Y', 72, 'Role 4_17'),
	('Y', 73, 'Role 1_18'),
	('Y', 74, 'Role 2_18'),
	('Y', 75, 'Role 3_18'),
	('Y', 76, 'Role 4_18'),
	('Y', 77, 'Role 1_19'),
	('Y', 78, 'Role 2_19'),
	('Y', 79, 'Role 3_19'),
	('Y', 80, 'Role 4_19'),
	('Y', 81, 'Role 1_20'),
	('Y', 82, 'Role 2_20'),
	('Y', 83, 'Role 3_20'),
	('Y', 84, 'Role 4_20'),
	('Y', 85, 'Role 1_21'),
	('Y', 86, 'Role 2_21'),
	('Y', 87, 'Role 3_21'),
	('Y', 88, 'Role 4_21'),
	('Y', 89, 'Role 1_22'),
	('Y', 90, 'Role 2_22'),
	('Y', 91, 'Role 3_22'),
	('Y', 92, 'Role 4_22'),
	('Y', 93, 'Role 1_23'),
	('Y', 94, 'Role 2_23'),
	('Y', 95, 'Role 3_23'),
	('Y', 96, 'Role 4_23'),
	('Y', 97, 'Role 1_24'),
	('Y', 98, 'Role 2_24'),
	('Y', 99, 'Role 3_24'),
	('Y', 100, 'Role 4_24'),
	('Y', 101, 'Role 1_25'),
	('Y', 102, 'Role 2_25'),
	('Y', 103, 'Role 3_25'),
	('Y', 104, 'Role 4_25'),
	('Y', 105, 'Role 1_26'),
	('Y', 106, 'Role 2_26'),
	('Y', 107, 'Role 3_26'),
	('Y', 108, 'Role 4_26'),
	('Y', 109, 'Role 1_27'),
	('Y', 110, 'Role 2_27'),
	('Y', 111, 'Role 3_27'),
	('Y', 112, 'Role 4_27'),
	('Y', 113, 'Role 1_28'),
	('Y', 114, 'Role 2_28'),
	('Y', 115, 'Role 3_28'),
	('Y', 116, 'Role 4_28'),
	('Y', 117, 'Role 1_29'),
	('Y', 118, 'Role 2_29'),
	('Y', 119, 'Role 3_29'),
	('Y', 120, 'Role 4_29'),
	('Y', 121, 'Role 1_30'),
	('Y', 122, 'Role 2_30'),
	('Y', 123, 'Role 3_30'),
	('Y', 124, 'Role 4_30'),
	('Y', 125, 'Role 1_31'),
	('Y', 126, 'Role 2_31'),
	('Y', 127, 'Role 3_31'),
	('Y', 128, 'Role 4_31'),
	('Y', 129, 'Role 1_32'),
	('Y', 130, 'Role 2_32'),
	('Y', 131, 'Role 3_32'),
	('Y', 132, 'Role 4_32'),
	('Y', 133, 'Role 1_33'),
	('Y', 134, 'Role 2_33'),
	('Y', 135, 'Role 3_33'),
	('Y', 136, 'Role 4_33'),
	('Y', 137, 'Role 1_34'),
	('Y', 138, 'Role 2_34'),
	('Y', 139, 'Role 3_34'),
	('Y', 140, 'Role 4_34'),
	('Y', 141, 'Role 1_35'),
	('Y', 142, 'Role 2_35'),
	('Y', 143, 'Role 3_35'),
	('Y', 144, 'Role 4_35'),
	('Y', 145, 'Role 1_36'),
	('Y', 146, 'Role 2_36'),
	('Y', 147, 'Role 3_36'),
	('Y', 148, 'Role 4_36'),
	('Y', 149, 'Role 1_37'),
	('Y', 150, 'Role 2_37'),
	('Y', 151, 'Role 3_37'),
	('Y', 152, 'Role 4_37'),
	('Y', 153, 'Role 1_38'),
	('Y', 154, 'Role 2_38'),
	('Y', 155, 'Role 3_38'),
	('Y', 156, 'Role 4_38'),
	('Y', 157, 'Role 1_39'),
	('Y', 158, 'Role 2_39'),
	('Y', 159, 'Role 3_39'),
	('Y', 160, 'Role 4_39'),
	('Y', 161, 'Role 1_40'),
	('Y', 162, 'Role 2_40'),
	('Y', 163, 'Role 3_40'),
	('Y', 164, 'Role 4_40'),
	('Y', 165, 'Role 1_41'),
	('Y', 166, 'Role 2_41'),
	('Y', 167, 'Role 3_41'),
	('Y', 168, 'Role 4_41'),
	('Y', 169, 'Role 1_42'),
	('Y', 170, 'Role 2_42'),
	('Y', 171, 'Role 3_42'),
	('Y', 172, 'Role 4_42'),
	('Y', 173, 'Role 1_43'),
	('Y', 174, 'Role 2_43'),
	('Y', 175, 'Role 3_43'),
	('Y', 176, 'Role 4_43'),
	('Y', 177, 'Role 1_44'),
	('Y', 178, 'Role 2_44'),
	('Y', 179, 'Role 3_44'),
	('Y', 180, 'Role 4_44'),
	('Y', 181, 'Role 1_45'),
	('Y', 182, 'Role 2_45'),
	('Y', 183, 'Role 3_45'),
	('Y', 184, 'Role 4_45'),
	('Y', 185, 'Role 1_46'),
	('Y', 186, 'Role 2_46'),
	('Y', 187, 'Role 3_46'),
	('Y', 188, 'Role 4_46'),
	('Y', 189, 'Role 1_47'),
	('Y', 190, 'Role 2_47'),
	('Y', 191, 'Role 3_47'),
	('Y', 192, 'Role 4_47'),
	('Y', 193, 'Role 1_48'),
	('Y', 194, 'Role 2_48'),
	('Y', 195, 'Role 3_48'),
	('Y', 196, 'Role 4_48'),
	('Y', 197, 'Role 1_49'),
	('Y', 198, 'Role 2_49'),
	('Y', 199, 'Role 3_49'),
	('Y', 200, 'Role 4_49'),
	('Y', 201, 'Role 1_50'),
	('Y', 202, 'Role 2_50'),
	('Y', 203, 'Role 3_50'),
	('Y', 204, 'Role 4_50'),
	('Y', 205, 'Role 1_51'),
	('Y', 206, 'Role 2_51'),
	('Y', 207, 'Role 3_51'),
	('Y', 208, 'Role 4_51'),
	('Y', 209, 'Role 1_52'),
	('Y', 210, 'Role 2_52'),
	('Y', 211, 'Role 3_52'),
	('Y', 212, 'Role 4_52'),
	('Y', 213, 'Role 1_53'),
	('Y', 214, 'Role 2_53'),
	('Y', 215, 'Role 3_53'),
	('Y', 216, 'Role 4_53'),
	('Y', 217, 'Role 1_54'),
	('Y', 218, 'Role 2_54'),
	('Y', 219, 'Role 3_54'),
	('Y', 220, 'Role 4_54'),
	('Y', 221, 'Role 1_55'),
	('Y', 222, 'Role 2_55'),
	('Y', 223, 'Role 3_55'),
	('Y', 224, 'Role 4_55'),
	('Y', 225, 'Role 1_56'),
	('Y', 226, 'Role 2_56'),
	('Y', 227, 'Role 3_56'),
	('Y', 228, 'Role 4_56'),
	('Y', 229, 'Role 1_57'),
	('Y', 230, 'Role 2_57'),
	('Y', 231, 'Role 3_57'),
	('Y', 232, 'Role 4_57'),
	('Y', 233, 'Role 1_58'),
	('Y', 234, 'Role 2_58'),
	('Y', 235, 'Role 3_58'),
	('Y', 236, 'Role 4_58'),
	('Y', 237, 'Role 1_59'),
	('Y', 238, 'Role 2_59'),
	('Y', 239, 'Role 3_59'),
	('Y', 240, 'Role 4_59'),
	('Y', 241, 'Role 1_60'),
	('Y', 242, 'Role 2_60'),
	('Y', 243, 'Role 3_60'),
	('Y', 244, 'Role 4_60'),
	('Y', 245, 'Role 1_61'),
	('Y', 246, 'Role 2_61'),
	('Y', 247, 'Role 3_61'),
	('Y', 248, 'Role 4_61'),
	('Y', 249, 'Role 1_62'),
	('Y', 250, 'Role 2_62'),
	('Y', 251, 'Role 3_62'),
	('Y', 252, 'Role 4_62'),
	('Y', 253, 'Role 1_63'),
	('Y', 254, 'Role 2_63'),
	('Y', 255, 'Role 3_63'),
	('Y', 256, 'Role 4_63'),
	('Y', 257, 'Role 1_64'),
	('Y', 258, 'Role 2_64'),
	('Y', 259, 'Role 3_64'),
	('Y', 260, 'Role 4_64'),
	('Y', 261, 'Role 1_65'),
	('Y', 262, 'Role 2_65'),
	('Y', 263, 'Role 3_65'),
	('Y', 264, 'Role 4_65'),
	('Y', 265, 'Role 1_66'),
	('Y', 266, 'Role 2_66'),
	('Y', 267, 'Role 3_66'),
	('Y', 268, 'Role 4_66'),
	('Y', 269, 'Role 1_67'),
	('Y', 270, 'Role 2_67'),
	('Y', 271, 'Role 3_67'),
	('Y', 272, 'Role 4_67'),
	('Y', 273, 'Role 1_68'),
	('Y', 274, 'Role 2_68'),
	('Y', 275, 'Role 3_68'),
	('Y', 276, 'Role 4_68'),
	('Y', 277, 'Role 1_69'),
	('Y', 278, 'Role 2_69'),
	('Y', 279, 'Role 3_69'),
	('Y', 280, 'Role 4_69'),
	('Y', 281, 'Role 1_70'),
	('Y', 282, 'Role 2_70'),
	('Y', 283, 'Role 3_70'),
	('Y', 284, 'Role 4_70'),
	('Y', 285, 'Role 1_71'),
	('Y', 286, 'Role 2_71'),
	('Y', 287, 'Role 3_71'),
	('Y', 288, 'Role 4_71'),
	('Y', 289, 'Role 1_72'),
	('Y', 290, 'Role 2_72'),
	('Y', 291, 'Role 3_72'),
	('Y', 292, 'Role 4_72'),
	('Y', 293, 'Role 1_73'),
	('Y', 294, 'Role 2_73'),
	('Y', 295, 'Role 3_73'),
	('Y', 296, 'Role 4_73'),
	('Y', 297, 'Role 1_74'),
	('Y', 298, 'Role 2_74'),
	('Y', 299, 'Role 3_74'),
	('Y', 300, 'Role 4_74'),
	('Y', 301, 'Role 1_75'),
	('Y', 302, 'Role 2_75'),
	('Y', 303, 'Role 3_75'),
	('Y', 304, 'Role 4_75'),
	('Y', 305, 'Role 1_76'),
	('Y', 306, 'Role 2_76'),
	('Y', 307, 'Role 3_76'),
	('Y', 308, 'Role 4_76'),
	('Y', 309, 'Role 1_77'),
	('Y', 310, 'Role 2_77'),
	('Y', 311, 'Role 3_77'),
	('Y', 312, 'Role 4_77'),
	('Y', 313, 'Role 1_78'),
	('Y', 314, 'Role 2_78'),
	('Y', 315, 'Role 3_78'),
	('Y', 316, 'Role 4_78'),
	('Y', 317, 'Role 1_79'),
	('Y', 318, 'Role 2_79'),
	('Y', 319, 'Role 3_79'),
	('Y', 320, 'Role 4_79'),
	('Y', 321, 'Role 1_80'),
	('Y', 322, 'Role 2_80'),
	('Y', 323, 'Role 3_80'),
	('Y', 324, 'Role 4_80'),
	('Y', 325, 'Role 1_81'),
	('Y', 326, 'Role 2_81'),
	('Y', 327, 'Role 3_81'),
	('Y', 328, 'Role 4_81'),
	('Y', 329, 'Role 1_82'),
	('Y', 330, 'Role 2_82'),
	('Y', 331, 'Role 3_82'),
	('Y', 332, 'Role 4_82'),
	('Y', 333, 'Role 1_83'),
	('Y', 334, 'Role 2_83'),
	('Y', 335, 'Role 3_83'),
	('Y', 336, 'Role 4_83'),
	('Y', 337, 'Role 1_84'),
	('Y', 338, 'Role 2_84'),
	('Y', 339, 'Role 3_84'),
	('Y', 340, 'Role 4_84'),
	('Y', 341, 'Role 1_85'),
	('Y', 342, 'Role 2_85'),
	('Y', 343, 'Role 3_85'),
	('Y', 344, 'Role 4_85'),
	('Y', 345, 'Role 1_86'),
	('Y', 346, 'Role 2_86'),
	('Y', 347, 'Role 3_86'),
	('Y', 348, 'Role 4_86'),
	('Y', 349, 'Role 1_87'),
	('Y', 350, 'Role 2_87'),
	('Y', 351, 'Role 3_87'),
	('Y', 352, 'Role 4_87'),
	('Y', 353, 'Role 1_88'),
	('Y', 354, 'Role 2_88'),
	('Y', 355, 'Role 3_88'),
	('Y', 356, 'Role 4_88'),
	('Y', 357, 'Role 1_89'),
	('Y', 358, 'Role 2_89'),
	('Y', 359, 'Role 3_89'),
	('Y', 360, 'Role 4_89'),
	('Y', 361, 'Role 1_90'),
	('Y', 362, 'Role 2_90'),
	('Y', 363, 'Role 3_90'),
	('Y', 364, 'Role 4_90'),
	('Y', 365, 'Role 1_91'),
	('Y', 366, 'Role 2_91'),
	('Y', 367, 'Role 3_91'),
	('Y', 368, 'Role 4_91'),
	('Y', 369, 'Role 1_92'),
	('Y', 370, 'Role 2_92'),
	('Y', 371, 'Role 3_92'),
	('Y', 372, 'Role 4_92'),
	('Y', 373, 'Role 1_93'),
	('Y', 374, 'Role 2_93'),
	('Y', 375, 'Role 3_93'),
	('Y', 376, 'Role 4_93'),
	('Y', 377, 'Role 1_94'),
	('Y', 378, 'Role 2_94'),
	('Y', 379, 'Role 3_94'),
	('Y', 380, 'Role 4_94'),
	('Y', 381, 'Role 1_95'),
	('Y', 382, 'Role 2_95'),
	('Y', 383, 'Role 3_95'),
	('Y', 384, 'Role 4_95'),
	('Y', 385, 'Role 1_96'),
	('Y', 386, 'Role 2_96'),
	('Y', 387, 'Role 3_96'),
	('Y', 388, 'Role 4_96'),
	('Y', 389, 'Role 1_97'),
	('Y', 390, 'Role 2_97'),
	('Y', 391, 'Role 3_97'),
	('Y', 392, 'Role 4_97'),
	('Y', 393, 'Role 1_98'),
	('Y', 394, 'Role 2_98'),
	('Y', 395, 'Role 3_98'),
	('Y', 396, 'Role 4_98'),
	('Y', 397, 'Role 1_99'),
	('Y', 398, 'Role 2_99'),
	('Y', 399, 'Role 3_99'),
	('Y', 400, 'Role 4_99');
INSERT INTO FOO_USER (COMPANY_ID, CREATED, ID, NAME, PASSWORD, PERSONAL_NUMBER, USERNAME) VALUES
	(1, '2022-12-12 12:12:00', 1, 'User 1_0', 'secret', 123, 'User_1_0'),
	(1, '2022-12-12 12:12:00', 2, 'User 2_0', 'secret', 456, 'User_2_0'),
	(2, '2022-12-12 12:12:00', 3, 'User 3_0', 'secret', NULL, 'User_3_0'),
	(3, '2022-11-12 12:12:00', 4, 'User 4_0', 'secret', 777, 'User_4_0'),
	(5, '2022-12-12 12:12:00', 5, 'User 1_1', 'secret', 123, 'User_1_1'),
	(5, '2022-12-12 12:12:00', 6, 'User 2_1', 'secret', 456, 'User_2_1'),
	(6, '2022-12-12 12:12:00', 7, 'User 3_1', 'secret', NULL, 'User_3_1'),
	(7, '2022-11-12 12:12:00', 8, 'User 4_1', 'secret', 777, 'User_4_1'),
	(9, '2022-12-12 12:12:00', 9, 'User 1_2', 'secret', 123, 'User_1_2'),
	(9, '2022-12-12 12:12:00', 10, 'User 2_2', 'secret', 456, 'User_2_2'),
	(10, '2022-12-12 12:12:00', 11, 'User 3_2', 'secret', NULL, 'User_3_2'),
	(11, '2022-11-12 12:12:00', 12, 'User 4_2', 'secret', 777, 'User_4_2'),
	(13, '2022-12-12 12:12:00', 13, 'User 1_3', 'secret', 123, 'User_1_3'),
	(13, '2022-12-12 12:12:00', 14, 'User 2_3', 'secret', 456, 'User_2_3'),
	(14, '2022-12-12 12:12:00', 15, 'User 3_3', 'secret', NULL, 'User_3_3'),
	(15, '2022-11-12 12:12:00', 16, 'User 4_3', 'secret', 777, 'User_4_3'),
	(17, '2022-12-12 12:12:00', 17, 'User 1_4', 'secret', 123, 'User_1_4'),
	(17, '2022-12-12 12:12:00', 18, 'User 2_4', 'secret', 456, 'User_2_4'),
	(18, '2022-12-12 12:12:00', 19, 'User 3_4', 'secret', NULL, 'User_3_4'),
	(19, '2022-11-12 12:12:00', 20, 'User 4_4', 'secret', 777, 'User_4_4'),
	(21, '2022-12-12 12:12:00', 21, 'User 1_5', 'secret', 123, 'User_1_5'),
	(21, '2022-12-12 12:12:00', 22, 'User 2_5', 'secret', 456, 'User_2_5'),
	(22, '2022-12-12 12:12:00', 23, 'User 3_5', 'secret', NULL, 'User_3_5'),
	(23, '2022-11-12 12:12:00', 24, 'User 4_5', 'secret', 777, 'User_4_5'),
	(25, '2022-12-12 12:12:00', 25, 'User 1_6', 'secret', 123, 'User_1_6'),
	(25, '2022-12-12 12:12:00', 26, 'User 2_6', 'secret', 456, 'User_2_6'),
	(26, '2022-12-12 12:12:00', 27, 'User 3_6', 'secret', NULL, 'User_3_6'),
	(27, '2022-11-12 12:12:00', 28, 'User 4_6', 'secret', 777, 'User_4_6'),
	(29, '2022-12-12 12:12:00', 29, 'User 1_7', 'secret', 123, 'User_1_7'),
	(29, '2022-12-12 12:12:00', 30, 'User 2_7', 'secret', 456, 'User_2_7'),
	(30, '2022-12-12 12:12:00', 31, 'User 3_7', 'secret', NULL, 'User_3_7'),
	(31, '2022-11-12 12:12:00', 32, 'User 4_7', 'secret', 777, 'User_4_7'),
	(33, '2022-12-12 12:12:00', 33, 'User 1_8', 'secret', 123, 'User_1_8'),
	(33, '2022-12-12 12:12:00', 34, 'User 2_8', 'secret', 456, 'User_2_8'),
	(34, '2022-12-12 12:12:00', 35, 'User 3_8', 'secret', NULL, 'User_3_8'),
	(35, '2022-11-12 12:12:00', 36, 'User 4_8', 'secret', 777, 'User_4_8'),
	(37, '2022-12-12 12:12:00', 37, 'User 1_9', 'secret', 123, 'User_1_9'),
	(37, '2022-12-12 12:12:00', 38, 'User 2_9', 'secret', 456, 'User_2_9'),
	(38, '2022-12-12 12:12:00', 39, 'User 3_9', 'secret', NULL, 'User_3_9'),
	(39, '2022-11-12 12:12:00', 40, 'User 4_9', 'secret', 777, 'User_4_9'),
	(41, '2022-12-12 12:12:00', 41, 'User 1_10', 'secret', 123, 'User_1_10'),
	(41, '2022-12-12 12:12:00', 42, 'User 2_10', 'secret', 456, 'User_2_10'),
	(42, '2022-12-12 12:12:00', 43, 'User 3_10', 'secret', NULL, 'User_3_10'),
	(43, '2022-11-12 12:12:00', 44, 'User 4_10', 'secret', 777, 'User_4_10'),
	(45, '2022-12-12 12:12:00', 45, 'User 1_11', 'secret', 123, 'User_1_11'),
	(45, '2022-12-12 12:12:00', 46, 'User 2_11', 'secret', 456, 'User_2_11'),
	(46, '2022-12-12 12:12:00', 47, 'User 3_11', 'secret', NULL, 'User_3_11'),
	(47, '2022-11-12 12:12:00', 48, 'User 4_11', 'secret', 777, 'User_4_11'),
	(49, '2022-12-12 12:12:00', 49, 'User 1_12', 'secret', 123, 'User_1_12'),
	(49, '2022-12-12 12:12:00', 50, 'User 2_12', 'secret', 456, 'User_2_12'),
	(50, '2022-12-12 12:12:00', 51, 'User 3_12', 'secret', NULL, 'User_3_12'),
	(51, '2022-11-12 12:12:00', 52, 'User 4_12', 'secret', 777, 'User_4_12'),
	(53, '2022-12-12 12:12:00', 53, 'User 1_13', 'secret', 123, 'User_1_13'),
	(53, '2022-12-12 12:12:00', 54, 'User 2_13', 'secret', 456, 'User_2_13'),
	(54, '2022-12-12 12:12:00', 55, 'User 3_13', 'secret', NULL, 'User_3_13'),
	(55, '2022-11-12 12:12:00', 56, 'User 4_13', 'secret', 777, 'User_4_13'),
	(57, '2022-12-12 12:12:00', 57, 'User 1_14', 'secret', 123, 'User_1_14'),
	(57, '2022-12-12 12:12:00', 58, 'User 2_14', 'secret', 456, 'User_2_14'),
	(58, '2022-12-12 12:12:00', 59, 'User 3_14', 'secret', NULL, 'User_3_14'),
	(59, '2022-11-12 12:12:00', 60, 'User 4_14', 'secret', 777, 'User_4_14'),
	(61, '2022-12-12 12:12:00', 61, 'User 1_15', 'secret', 123, 'User_1_15'),
	(61, '2022-12-12 12:12:00', 62, 'User 2_15', 'secret', 456, 'User_2_15'),
	(62, '2022-12-12 12:12:00', 63, 'User 3_15', 'secret', NULL, 'User_3_15'),
	(63, '2022-11-12 12:12:00', 64, 'User 4_15', 'secret', 777, 'User_4_15'),
	(65, '2022-12-12 12:12:00', 65, 'User 1_16', 'secret', 123, 'User_1_16'),
	(65, '2022-12-12 12:12:00', 66, 'User 2_16', 'secret', 456, 'User_2_16'),
	(66, '2022-12-12 12:12:00', 67, 'User 3_16', 'secret', NULL, 'User_3_16'),
	(67, '2022-11-12 12:12:00', 68, 'User 4_16', 'secret', 777, 'User_4_16'),
	(69, '2022-12-12 12:12:00', 69, 'User 1_17', 'secret', 123, 'User_1_17'),
	(69, '2022-12-12 12:12:00', 70, 'User 2_17', 'secret', 456, 'User_2_17'),
	(70, '2022-12-12 12:12:00', 71, 'User 3_17', 'secret', NULL, 'User_3_17'),
	(71, '2022-11-12 12:12:00', 72, 'User 4_17', 'secret', 777, 'User_4_17'),
	(73, '2022-12-12 12:12:00', 73, 'User 1_18', 'secret', 123, 'User_1_18'),
	(73, '2022-12-12 12:12:00', 74, 'User 2_18', 'secret', 456, 'User_2_18'),
	(74, '2022-12-12 12:12:00', 75, 'User 3_18', 'secret', NULL, 'User_3_18'),
	(75, '2022-11-12 12:12:00', 76, 'User 4_18', 'secret', 777, 'User_4_18'),
	(77, '2022-12-12 12:12:00', 77, 'User 1_19', 'secret', 123, 'User_1_19'),
	(77, '2022-12-12 12:12:00', 78, 'User 2_19', 'secret', 456, 'User_2_19'),
	(78, '2022-12-12 12:12:00', 79, 'User 3_19', 'secret', NULL, 'User_3_19'),
	(79, '2022-11-12 12:12:00', 80, 'User 4_19', 'secret', 777, 'User_4_19'),
	(81, '2022-12-12 12:12:00', 81, 'User 1_20', 'secret', 123, 'User_1_20'),
	(81, '2022-12-12 12:12:00', 82, 'User 2_20', 'secret', 456, 'User_2_20'),
	(82, '2022-12-12 12:12:00', 83, 'User 3_20', 'secret', NULL, 'User_3_20'),
	(83, '2022-11-12 12:12:00', 84, 'User 4_20', 'secret', 777, 'User_4_20'),
	(85, '2022-12-12 12:12:00', 85, 'User 1_21', 'secret', 123, 'User_1_21'),
	(85, '2022-12-12 12:12:00', 86, 'User 2_21', 'secret', 456, 'User_2_21'),
	(86, '2022-12-12 12:12:00', 87, 'User 3_21', 'secret', NULL, 'User_3_21'),
	(87, '2022-11-12 12:12:00', 88, 'User 4_21', 'secret', 777, 'User_4_21'),
	(89, '2022-12-12 12:12:00', 89, 'User 1_22', 'secret', 123, 'User_1_22'),
	(89, '2022-12-12 12:12:00', 90, 'User 2_22', 'secret', 456, 'User_2_22'),
	(90, '2022-12-12 12:12:00', 91, 'User 3_22', 'secret', NULL, 'User_3_22'),
	(91, '2022-11-12 12:12:00', 92, 'User 4_22', 'secret', 777, 'User_4_22'),
	(93, '2022-12-12 12:12:00', 93, 'User 1_23', 'secret', 123, 'User_1_23'),
	(93, '2022-12-12 12:12:00', 94, 'User 2_23', 'secret', 456, 'User_2_23'),
	(94, '2022-12-12 12:12:00', 95, 'User 3_23', 'secret', NULL, 'User_3_23'),
	(95, '2022-11-12 12:12:00', 96, 'User 4_23', 'secret', 777, 'User_4_23'),
	(97, '2022-12-12 12:12:00', 97, 'User 1_24', 'secret', 123, 'User_1_24'),
	(97, '2022-12-12 12:12:00', 98, 'User 2_24', 'secret', 456, 'User_2_24'),
	(98, '2022-12-12 12:12:00', 99, 'User 3_24', 'secret', NULL, 'User_3_24'),
	(99, '2022-11-12 12:12:00', 100, 'User 4_24', 'secret', 777, 'User_4_24'),
	(101, '2022-12-12 12:12:00', 101, 'User 1_25', 'secret', 123, 'User_1_25'),
	(101, '2022-12-12 12:12:00', 102, 'User 2_25', 'secret', 456, 'User_2_25'),
	(102, '2022-12-12 12:12:00', 103, 'User 3_25', 'secret', NULL, 'User_3_25'),
	(103, '2022-11-12 12:12:00', 104, 'User 4_25', 'secret', 777, 'User_4_25'),
	(105, '2022-12-12 12:12:00', 105, 'User 1_26', 'secret', 123, 'User_1_26'),
	(105, '2022-12-12 12:12:00', 106, 'User 2_26', 'secret', 456, 'User_2_26'),
	(106, '2022-12-12 12:12:00', 107, 'User 3_26', 'secret', NULL, 'User_3_26'),
	(107, '2022-11-12 12:12:00', 108, 'User 4_26', 'secret', 777, 'User_4_26'),
	(109, '2022-12-12 12:12:00', 109, 'User 1_27', 'secret', 123, 'User_1_27'),
	(109, '2022-12-12 12:12:00', 110, 'User 2_27', 'secret', 456, 'User_2_27'),
	(110, '2022-12-12 12:12:00', 111, 'User 3_27', 'secret', NULL, 'User_3_27'),
	(111, '2022-11-12 12:12:00', 112, 'User 4_27', 'secret', 777, 'User_4_27'),
	(113, '2022-12-12 12:12:00', 113, 'User 1_28', 'secret', 123, 'User_1_28'),
	(113, '2022-12-12 12:12:00', 114, 'User 2_28', 'secret', 456, 'User_2_28'),
	(114, '2022-12-12 12:12:00', 115, 'User 3_28', 'secret', NULL, 'User_3_28'),
	(115, '2022-11-12 12:12:00', 116, 'User 4_28', 'secret', 777, 'User_4_28'),
	(117, '2022-12-12 12:12:00', 117, 'User 1_29', 'secret', 123, 'User_1_29'),
	(117, '2022-12-12 12:12:00', 118, 'User 2_29', 'secret', 456, 'User_2_29'),
	(118, '2022-12-12 12:12:00', 119, 'User 3_29', 'secret', NULL, 'User_3_29'),
	(119, '2022-11-12 12:12:00', 120, 'User 4_29', 'secret', 777, 'User_4_29'),
	(121, '2022-12-12 12:12:00', 121, 'User 1_30', 'secret', 123, 'User_1_30'),
	(121, '2022-12-12 12:12:00', 122, 'User 2_30', 'secret', 456, 'User_2_30'),
	(122, '2022-12-12 12:12:00', 123, 'User 3_30', 'secret', NULL, 'User_3_30'),
	(123, '2022-11-12 12:12:00', 124, 'User 4_30', 'secret', 777, 'User_4_30'),
	(125, '2022-12-12 12:12:00', 125, 'User 1_31', 'secret', 123, 'User_1_31'),
	(125, '2022-12-12 12:12:00', 126, 'User 2_31', 'secret', 456, 'User_2_31'),
	(126, '2022-12-12 12:12:00', 127, 'User 3_31', 'secret', NULL, 'User_3_31'),
	(127, '2022-11-12 12:12:00', 128, 'User 4_31', 'secret', 777, 'User_4_31'),
	(129, '2022-12-12 12:12:00', 129, 'User 1_32', 'secret', 123, 'User_1_32'),
	(129, '2022-12-12 12:12:00', 130, 'User 2_32', 'secret', 456, 'User_2_32'),
	(130, '2022-12-12 12:12:00', 131, 'User 3_32', 'secret', NULL, 'User_3_32'),
	(131, '2022-11-12 12:12:00', 132, 'User 4_32', 'secret', 777, 'User_4_32'),
	(133, '2022-12-12 12:12:00', 133, 'User 1_33', 'secret', 123, 'User_1_33'),
	(133, '2022-12-12 12:12:00', 134, 'User 2_33', 'secret', 456, 'User_2_33'),
	(134, '2022-12-12 12:12:00', 135, 'User 3_33', 'secret', NULL, 'User_3_33'),
	(135, '2022-11-12 12:12:00', 136, 'User 4_33', 'secret', 777, 'User_4_33'),
	(137, '2022-12-12 12:12:00', 137, 'User 1_34', 'secret', 123, 'User_1_34'),
	(137, '2022-12-12 12:12:00', 138, 'User 2_34', 'secret', 456, 'User_2_34'),
	(138, '2022-12-12 12:12:00', 139, 'User 3_34', 'secret', NULL, 'User_3_34'),
	(139, '2022-11-12 12:12:00', 140, 'User 4_34', 'secret', 777, 'User_4_34'),
	(141, '2022-12-12 12:12:00', 141, 'User 1_35', 'secret', 123, 'User_1_35'),
	(141, '2022-12-12 12:12:00', 142, 'User 2_35', 'secret', 456, 'User_2_35'),
	(142, '2022-12-12 12:12:00', 143, 'User 3_35', 'secret', NULL, 'User_3_35'),
	(143, '2022-11-12 12:12:00', 144, 'User 4_35', 'secret', 777, 'User_4_35'),
	(145, '2022-12-12 12:12:00', 145, 'User 1_36', 'secret', 123, 'User_1_36'),
	(145, '2022-12-12 12:12:00', 146, 'User 2_36', 'secret', 456, 'User_2_36'),
	(146, '2022-12-12 12:12:00', 147, 'User 3_36', 'secret', NULL, 'User_3_36'),
	(147, '2022-11-12 12:12:00', 148, 'User 4_36', 'secret', 777, 'User_4_36'),
	(149, '2022-12-12 12:12:00', 149, 'User 1_37', 'secret', 123, 'User_1_37'),
	(149, '2022-12-12 12:12:00', 150, 'User 2_37', 'secret', 456, 'User_2_37'),
	(150, '2022-12-12 12:12:00', 151, 'User 3_37', 'secret', NULL, 'User_3_37'),
	(151, '2022-11-12 12:12:00', 152, 'User 4_37', 'secret', 777, 'User_4_37'),
	(153, '2022-12-12 12:12:00', 153, 'User 1_38', 'secret', 123, 'User_1_38'),
	(153, '2022-12-12 12:12:00', 154, 'User 2_38', 'secret', 456, 'User_2_38'),
	(154, '2022-12-12 12:12:00', 155, 'User 3_38', 'secret', NULL, 'User_3_38'),
	(155, '2022-11-12 12:12:00', 156, 'User 4_38', 'secret', 777, 'User_4_38'),
	(157, '2022-12-12 12:12:00', 157, 'User 1_39', 'secret', 123, 'User_1_39'),
	(157, '2022-12-12 12:12:00', 158, 'User 2_39', 'secret', 456, 'User_2_39'),
	(158, '2022-12-12 12:12:00', 159, 'User 3_39', 'secret', NULL, 'User_3_39'),
	(159, '2022-11-12 12:12:00', 160, 'User 4_39', 'secret', 777, 'User_4_39'),
	(161, '2022-12-12 12:12:00', 161, 'User 1_40', 'secret', 123, 'User_1_40'),
	(161, '2022-12-12 12:12:00', 162, 'User 2_40', 'secret', 456, 'User_2_40'),
	(162, '2022-12-12 12:12:00', 163, 'User 3_40', 'secret', NULL, 'User_3_40'),
	(163, '2022-11-12 12:12:00', 164, 'User 4_40', 'secret', 777, 'User_4_40'),
	(165, '2022-12-12 12:12:00', 165, 'User 1_41', 'secret', 123, 'User_1_41'),
	(165, '2022-12-12 12:12:00', 166, 'User 2_41', 'secret', 456, 'User_2_41'),
	(166, '2022-12-12 12:12:00', 167, 'User 3_41', 'secret', NULL, 'User_3_41'),
	(167, '2022-11-12 12:12:00', 168, 'User 4_41', 'secret', 777, 'User_4_41'),
	(169, '2022-12-12 12:12:00', 169, 'User 1_42', 'secret', 123, 'User_1_42'),
	(169, '2022-12-12 12:12:00', 170, 'User 2_42', 'secret', 456, 'User_2_42'),
	(170, '2022-12-12 12:12:00', 171, 'User 3_42', 'secret', NULL, 'User_3_42'),
	(171, '2022-11-12 12:12:00', 172, 'User 4_42', 'secret', 777, 'User_4_42'),
	(173, '2022-12-12 12:12:00', 173, 'User 1_43', 'secret', 123, 'User_1_43'),
	(173, '2022-12-12 12:12:00', 174, 'User 2_43', 'secret', 456, 'User_2_43'),
	(174, '2022-12-12 12:12:00', 175, 'User 3_43', 'secret', NULL, 'User_3_43'),
	(175, '2022-11-12 12:12:00', 176, 'User 4_43', 'secret', 777, 'User_4_43'),
	(177, '2022-12-12 12:12:00', 177, 'User 1_44', 'secret', 123, 'User_1_44'),
	(177, '2022-12-12 12:12:00', 178, 'User 2_44', 'secret', 456, 'User_2_44'),
	(178, '2022-12-12 12:12:00', 179, 'User 3_44', 'secret', NULL, 'User_3_44'),
	(179, '2022-11-12 12:12:00', 180, 'User 4_44', 'secret', 777, 'User_4_44'),
	(181, '2022-12-12 12:12:00', 181, 'User 1_45', 'secret', 123, 'User_1_45'),
	(181, '2022-12-12 12:12:00', 182, 'User 2_45', 'secret', 456, 'User_2_45'),
	(182, '2022-12-12 12:12:00', 183, 'User 3_45', 'secret', NULL, 'User_3_45'),
	(183, '2022-11-12 12:12:00', 184, 'User 4_45', 'secret', 777, 'User_4_45'),
	(185, '2022-12-12 12:12:00', 185, 'User 1_46', 'secret', 123, 'User_1_46'),
	(185, '2022-12-12 12:12:00', 186, 'User 2_46', 'secret', 456, 'User_2_46'),
	(186, '2022-12-12 12:12:00', 187, 'User 3_46', 'secret', NULL, 'User_3_46'),
	(187, '2022-11-12 12:12:00', 188, 'User 4_46', 'secret', 777, 'User_4_46'),
	(189, '2022-12-12 12:12:00', 189, 'User 1_47', 'secret', 123, 'User_1_47'),
	(189, '2022-12-12 12:12:00', 190, 'User 2_47', 'secret', 456, 'User_2_47'),
	(190, '2022-12-12 12:12:00', 191, 'User 3_47', 'secret', NULL, 'User_3_47'),
	(191, '2022-11-12 12:12:00', 192, 'User 4_47', 'secret', 777, 'User_4_47'),
	(193, '2022-12-12 12:12:00', 193, 'User 1_48', 'secret', 123, 'User_1_48'),
	(193, '2022-12-12 12:12:00', 194, 'User 2_48', 'secret', 456, 'User_2_48'),
	(194, '2022-12-12 12:12:00', 195, 'User 3_48', 'secret', NULL, 'User_3_48'),
	(195, '2022-11-12 12:12:00', 196, 'User 4_48', 'secret', 777, 'User_4_48'),
	(197, '2022-12-12 12:12:00', 197, 'User 1_49', 'secret', 123, 'User_1_49'),
	(197, '2022-12-12 12:12:00', 198, 'User 2_49', 'secret', 456, 'User_2_49'),
	(198, '2022-12-12 12:12:00', 199, 'User 3_49', 'secret', NULL, 'User_3_49'),
	(199, '2022-11-12 12:12:00', 200, 'User 4_49', 'secret', 777, 'User_4_49'),
	(201, '2022-12-12 12:12:00', 201, 'User 1_50', 'secret', 123, 'User_1_50'),
	(201, '2022-12-12 12:12:00', 202, 'User 2_50', 'secret', 456, 'User_2_50'),
	(202, '2022-12-12 12:12:00', 203, 'User 3_50', 'secret', NULL, 'User_3_50'),
	(203, '2022-11-12 12:12:00', 204, 'User 4_50', 'secret', 777, 'User_4_50'),
	(205, '2022-12-12 12:12:00', 205, 'User 1_51', 'secret', 123, 'User_1_51'),
	(205, '2022-12-12 12:12:00', 206, 'User 2_51', 'secret', 456, 'User_2_51'),
	(206, '2022-12-12 12:12:00', 207, 'User 3_51', 'secret', NULL, 'User_3_51'),
	(207, '2022-11-12 12:12:00', 208, 'User 4_51', 'secret', 777, 'User_4_51'),
	(209, '2022-12-12 12:12:00', 209, 'User 1_52', 'secret', 123, 'User_1_52'),
	(209, '2022-12-12 12:12:00', 210, 'User 2_52', 'secret', 456, 'User_2_52'),
	(210, '2022-12-12 12:12:00', 211, 'User 3_52', 'secret', NULL, 'User_3_52'),
	(211, '2022-11-12 12:12:00', 212, 'User 4_52', 'secret', 777, 'User_4_52'),
	(213, '2022-12-12 12:12:00', 213, 'User 1_53', 'secret', 123, 'User_1_53'),
	(213, '2022-12-12 12:12:00', 214, 'User 2_53', 'secret', 456, 'User_2_53'),
	(214, '2022-12-12 12:12:00', 215, 'User 3_53', 'secret', NULL, 'User_3_53'),
	(215, '2022-11-12 12:12:00', 216, 'User 4_53', 'secret', 777, 'User_4_53'),
	(217, '2022-12-12 12:12:00', 217, 'User 1_54', 'secret', 123, 'User_1_54'),
	(217, '2022-12-12 12:12:00', 218, 'User 2_54', 'secret', 456, 'User_2_54'),
	(218, '2022-12-12 12:12:00', 219, 'User 3_54', 'secret', NULL, 'User_3_54'),
	(219, '2022-11-12 12:12:00', 220, 'User 4_54', 'secret', 777, 'User_4_54'),
	(221, '2022-12-12 12:12:00', 221, 'User 1_55', 'secret', 123, 'User_1_55'),
	(221, '2022-12-12 12:12:00', 222, 'User 2_55', 'secret', 456, 'User_2_55'),
	(222, '2022-12-12 12:12:00', 223, 'User 3_55', 'secret', NULL, 'User_3_55'),
	(223, '2022-11-12 12:12:00', 224, 'User 4_55', 'secret', 777, 'User_4_55'),
	(225, '2022-12-12 12:12:00', 225, 'User 1_56', 'secret', 123, 'User_1_56'),
	(225, '2022-12-12 12:12:00', 226, 'User 2_56', 'secret', 456, 'User_2_56'),
	(226, '2022-12-12 12:12:00', 227, 'User 3_56', 'secret', NULL, 'User_3_56'),
	(227, '2022-11-12 12:12:00', 228, 'User 4_56', 'secret', 777, 'User_4_56'),
	(229, '2022-12-12 12:12:00', 229, 'User 1_57', 'secret', 123, 'User_1_57'),
	(229, '2022-12-12 12:12:00', 230, 'User 2_57', 'secret', 456, 'User_2_57'),
	(230, '2022-12-12 12:12:00', 231, 'User 3_57', 'secret', NULL, 'User_3_57'),
	(231, '2022-11-12 12:12:00', 232, 'User 4_57', 'secret', 777, 'User_4_57'),
	(233, '2022-12-12 12:12:00', 233, 'User 1_58', 'secret', 123, 'User_1_58'),
	(233, '2022-12-12 12:12:00', 234, 'User 2_58', 'secret', 456, 'User_2_58'),
	(234, '2022-12-12 12:12:00', 235, 'User 3_58', 'secret', NULL, 'User_3_58'),
	(235, '2022-11-12 12:12:00', 236, 'User 4_58', 'secret', 777, 'User_4_58'),
	(237, '2022-12-12 12:12:00', 237, 'User 1_59', 'secret', 123, 'User_1_59'),
	(237, '2022-12-12 12:12:00', 238, 'User 2_59', 'secret', 456, 'User_2_59'),
	(238, '2022-12-12 12:12:00', 239, 'User 3_59', 'secret', NULL, 'User_3_59'),
	(239, '2022-11-12 12:12:00', 240, 'User 4_59', 'secret', 777, 'User_4_59'),
	(241, '2022-12-12 12:12:00', 241, 'User 1_60', 'secret', 123, 'User_1_60'),
	(241, '2022-12-12 12:12:00', 242, 'User 2_60', 'secret', 456, 'User_2_60'),
	(242, '2022-12-12 12:12:00', 243, 'User 3_60', 'secret', NULL, 'User_3_60'),
	(243, '2022-11-12 12:12:00', 244, 'User 4_60', 'secret', 777, 'User_4_60'),
	(245, '2022-12-12 12:12:00', 245, 'User 1_61', 'secret', 123, 'User_1_61'),
	(245, '2022-12-12 12:12:00', 246, 'User 2_61', 'secret', 456, 'User_2_61'),
	(246, '2022-12-12 12:12:00', 247, 'User 3_61', 'secret', NULL, 'User_3_61'),
	(247, '2022-11-12 12:12:00', 248, 'User 4_61', 'secret', 777, 'User_4_61'),
	(249, '2022-12-12 12:12:00', 249, 'User 1_62', 'secret', 123, 'User_1_62'),
	(249, '2022-12-12 12:12:00', 250, 'User 2_62', 'secret', 456, 'User_2_62'),
	(250, '2022-12-12 12:12:00', 251, 'User 3_62', 'secret', NULL, 'User_3_62'),
	(251, '2022-11-12 12:12:00', 252, 'User 4_62', 'secret', 777, 'User_4_62'),
	(253, '2022-12-12 12:12:00', 253, 'User 1_63', 'secret', 123, 'User_1_63'),
	(253, '2022-12-12 12:12:00', 254, 'User 2_63', 'secret', 456, 'User_2_63'),
	(254, '2022-12-12 12:12:00', 255, 'User 3_63', 'secret', NULL, 'User_3_63'),
	(255, '2022-11-12 12:12:00', 256, 'User 4_63', 'secret', 777, 'User_4_63'),
	(257, '2022-12-12 12:12:00', 257, 'User 1_64', 'secret', 123, 'User_1_64'),
	(257, '2022-12-12 12:12:00', 258, 'User 2_64', 'secret', 456, 'User_2_64'),
	(258, '2022-12-12 12:12:00', 259, 'User 3_64', 'secret', NULL, 'User_3_64'),
	(259, '2022-11-12 12:12:00', 260, 'User 4_64', 'secret', 777, 'User_4_64'),
	(261, '2022-12-12 12:12:00', 261, 'User 1_65', 'secret', 123, 'User_1_65'),
	(261, '2022-12-12 12:12:00', 262, 'User 2_65', 'secret', 456, 'User_2_65'),
	(262, '2022-12-12 12:12:00', 263, 'User 3_65', 'secret', NULL, 'User_3_65'),
	(263, '2022-11-12 12:12:00', 264, 'User 4_65', 'secret', 777, 'User_4_65'),
	(265, '2022-12-12 12:12:00', 265, 'User 1_66', 'secret', 123, 'User_1_66'),
	(265, '2022-12-12 12:12:00', 266, 'User 2_66', 'secret', 456, 'User_2_66'),
	(266, '2022-12-12 12:12:00', 267, 'User 3_66', 'secret', NULL, 'User_3_66'),
	(267, '2022-11-12 12:12:00', 268, 'User 4_66', 'secret', 777, 'User_4_66'),
	(269, '2022-12-12 12:12:00', 269, 'User 1_67', 'secret', 123, 'User_1_67'),
	(269, '2022-12-12 12:12:00', 270, 'User 2_67', 'secret', 456, 'User_2_67'),
	(270, '2022-12-12 12:12:00', 271, 'User 3_67', 'secret', NULL, 'User_3_67'),
	(271, '2022-11-12 12:12:00', 272, 'User 4_67', 'secret', 777, 'User_4_67'),
	(273, '2022-12-12 12:12:00', 273, 'User 1_68', 'secret', 123, 'User_1_68'),
	(273, '2022-12-12 12:12:00', 274, 'User 2_68', 'secret', 456, 'User_2_68'),
	(274, '2022-12-12 12:12:00', 275, 'User 3_68', 'secret', NULL, 'User_3_68'),
	(275, '2022-11-12 12:12:00', 276, 'User 4_68', 'secret', 777, 'User_4_68'),
	(277, '2022-12-12 12:12:00', 277, 'User 1_69', 'secret', 123, 'User_1_69'),
	(277, '2022-12-12 12:12:00', 278, 'User 2_69', 'secret', 456, 'User_2_69'),
	(278, '2022-12-12 12:12:00', 279, 'User 3_69', 'secret', NULL, 'User_3_69'),
	(279, '2022-11-12 12:12:00', 280, 'User 4_69', 'secret', 777, 'User_4_69'),
	(281, '2022-12-12 12:12:00', 281, 'User 1_70', 'secret', 123, 'User_1_70'),
	(281, '2022-12-12 12:12:00', 282, 'User 2_70', 'secret', 456, 'User_2_70'),
	(282, '2022-12-12 12:12:00', 283, 'User 3_70', 'secret', NULL, 'User_3_70'),
	(283, '2022-11-12 12:12:00', 284, 'User 4_70', 'secret', 777, 'User_4_70'),
	(285, '2022-12-12 12:12:00', 285, 'User 1_71', 'secret', 123, 'User_1_71'),
	(285, '2022-12-12 12:12:00', 286, 'User 2_71', 'secret', 456, 'User_2_71'),
	(286, '2022-12-12 12:12:00', 287, 'User 3_71', 'secret', NULL, 'User_3_71'),
	(287, '2022-11-12 12:12:00', 288, 'User 4_71', 'secret', 777, 'User_4_71'),
	(289, '2022-12-12 12:12:00', 289, 'User 1_72', 'secret', 123, 'User_1_72'),
	(289, '2022-12-12 12:12:00', 290, 'User 2_72', 'secret', 456, 'User_2_72'),
	(290, '2022-12-12 12:12:00', 291, 'User 3_72', 'secret', NULL, 'User_3_72'),
	(291, '2022-11-12 12:12:00', 292, 'User 4_72', 'secret', 777, 'User_4_72'),
	(293, '2022-12-12 12:12:00', 293, 'User 1_73', 'secret', 123, 'User_1_73'),
	(293, '2022-12-12 12:12:00', 294, 'User 2_73', 'secret', 456, 'User_2_73'),
	(294, '2022-12-12 12:12:00', 295, 'User 3_73', 'secret', NULL, 'User_3_73'),
	(295, '2022-11-12 12:12:00', 296, 'User 4_73', 'secret', 777, 'User_4_73'),
	(297, '2022-12-12 12:12:00', 297, 'User 1_74', 'secret', 123, 'User_1_74'),
	(297, '2022-12-12 12:12:00', 298, 'User 2_74', 'secret', 456, 'User_2_74'),
	(298, '2022-12-12 12:12:00', 299, 'User 3_74', 'secret', NULL, 'User_3_74'),
	(299, '2022-11-12 12:12:00', 300, 'User 4_74', 'secret', 777, 'User_4_74'),
	(301, '2022-12-12 12:12:00', 301, 'User 1_75', 'secret', 123, 'User_1_75'),
	(301, '2022-12-12 12:12:00', 302, 'User 2_75', 'secret', 456, 'User_2_75'),
	(302, '2022-12-12 12:12:00', 303, 'User 3_75', 'secret', NULL, 'User_3_75'),
	(303, '2022-11-12 12:12:00', 304, 'User 4_75', 'secret', 777, 'User_4_75'),
	(305, '2022-12-12 12:12:00', 305, 'User 1_76', 'secret', 123, 'User_1_76'),
	(305, '2022-12-12 12:12:00', 306, 'User 2_76', 'secret', 456, 'User_2_76'),
	(306, '2022-12-12 12:12:00', 307, 'User 3_76', 'secret', NULL, 'User_3_76'),
	(307, '2022-11-12 12:12:00', 308, 'User 4_76', 'secret', 777, 'User_4_76'),
	(309, '2022-12-12 12:12:00', 309, 'User 1_77', 'secret', 123, 'User_1_77'),
	(309, '2022-12-12 12:12:00', 310, 'User 2_77', 'secret', 456, 'User_2_77'),
	(310, '2022-12-12 12:12:00', 311, 'User 3_77', 'secret', NULL, 'User_3_77'),
	(311, '2022-11-12 12:12:00', 312, 'User 4_77', 'secret', 777, 'User_4_77'),
	(313, '2022-12-12 12:12:00', 313, 'User 1_78', 'secret', 123, 'User_1_78'),
	(313, '2022-12-12 12:12:00', 314, 'User 2_78', 'secret', 456, 'User_2_78'),
	(314, '2022-12-12 12:12:00', 315, 'User 3_78', 'secret', NULL, 'User_3_78'),
	(315, '2022-11-12 12:12:00', 316, 'User 4_78', 'secret', 777, 'User_4_78'),
	(317, '2022-12-12 12:12:00', 317, 'User 1_79', 'secret', 123, 'User_1_79'),
	(317, '2022-12-12 12:12:00', 318, 'User 2_79', 'secret', 456, 'User_2_79'),
	(318, '2022-12-12 12:12:00', 319, 'User 3_79', 'secret', NULL, 'User_3_79'),
	(319, '2022-11-12 12:12:00', 320, 'User 4_79', 'secret', 777, 'User_4_79'),
	(321, '2022-12-12 12:12:00', 321, 'User 1_80', 'secret', 123, 'User_1_80'),
	(321, '2022-12-12 12:12:00', 322, 'User 2_80', 'secret', 456, 'User_2_80'),
	(322, '2022-12-12 12:12:00', 323, 'User 3_80', 'secret', NULL, 'User_3_80'),
	(323, '2022-11-12 12:12:00', 324, 'User 4_80', 'secret', 777, 'User_4_80'),
	(325, '2022-12-12 12:12:00', 325, 'User 1_81', 'secret', 123, 'User_1_81'),
	(325, '2022-12-12 12:12:00', 326, 'User 2_81', 'secret', 456, 'User_2_81'),
	(326, '2022-12-12 12:12:00', 327, 'User 3_81', 'secret', NULL, 'User_3_81'),
	(327, '2022-11-12 12:12:00', 328, 'User 4_81', 'secret', 777, 'User_4_81'),
	(329, '2022-12-12 12:12:00', 329, 'User 1_82', 'secret', 123, 'User_1_82'),
	(329, '2022-12-12 12:12:00', 330, 'User 2_82', 'secret', 456, 'User_2_82'),
	(330, '2022-12-12 12:12:00', 331, 'User 3_82', 'secret', NULL, 'User_3_82'),
	(331, '2022-11-12 12:12:00', 332, 'User 4_82', 'secret', 777, 'User_4_82'),
	(333, '2022-12-12 12:12:00', 333, 'User 1_83', 'secret', 123, 'User_1_83'),
	(333, '2022-12-12 12:12:00', 334, 'User 2_83', 'secret', 456, 'User_2_83'),
	(334, '2022-12-12 12:12:00', 335, 'User 3_83', 'secret', NULL, 'User_3_83'),
	(335, '2022-11-12 12:12:00', 336, 'User 4_83', 'secret', 777, 'User_4_83'),
	(337, '2022-12-12 12:12:00', 337, 'User 1_84', 'secret', 123, 'User_1_84'),
	(337, '2022-12-12 12:12:00', 338, 'User 2_84', 'secret', 456, 'User_2_84'),
	(338, '2022-12-12 12:12:00', 339, 'User 3_84', 'secret', NULL, 'User_3_84'),
	(339, '2022-11-12 12:12:00', 340, 'User 4_84', 'secret', 777, 'User_4_84'),
	(341, '2022-12-12 12:12:00', 341, 'User 1_85', 'secret', 123, 'User_1_85'),
	(341, '2022-12-12 12:12:00', 342, 'User 2_85', 'secret', 456, 'User_2_85'),
	(342, '2022-12-12 12:12:00', 343, 'User 3_85', 'secret', NULL, 'User_3_85'),
	(343, '2022-11-12 12:12:00', 344, 'User 4_85', 'secret', 777, 'User_4_85'),
	(345, '2022-12-12 12:12:00', 345, 'User 1_86', 'secret', 123, 'User_1_86'),
	(345, '2022-12-12 12:12:00', 346, 'User 2_86', 'secret', 456, 'User_2_86'),
	(346, '2022-12-12 12:12:00', 347, 'User 3_86', 'secret', NULL, 'User_3_86'),
	(347, '2022-11-12 12:12:00', 348, 'User 4_86', 'secret', 777, 'User_4_86'),
	(349, '2022-12-12 12:12:00', 349, 'User 1_87', 'secret', 123, 'User_1_87'),
	(349, '2022-12-12 12:12:00', 350, 'User 2_87', 'secret', 456, 'User_2_87'),
	(350, '2022-12-12 12:12:00', 351, 'User 3_87', 'secret', NULL, 'User_3_87'),
	(351, '2022-11-12 12:12:00', 352, 'User 4_87', 'secret', 777, 'User_4_87'),
	(353, '2022-12-12 12:12:00', 353, 'User 1_88', 'secret', 123, 'User_1_88'),
	(353, '2022-12-12 12:12:00', 354, 'User 2_88', 'secret', 456, 'User_2_88'),
	(354, '2022-12-12 12:12:00', 355, 'User 3_88', 'secret', NULL, 'User_3_88'),
	(355, '2022-11-12 12:12:00', 356, 'User 4_88', 'secret', 777, 'User_4_88'),
	(357, '2022-12-12 12:12:00', 357, 'User 1_89', 'secret', 123, 'User_1_89'),
	(357, '2022-12-12 12:12:00', 358, 'User 2_89', 'secret', 456, 'User_2_89'),
	(358, '2022-12-12 12:12:00', 359, 'User 3_89', 'secret', NULL, 'User_3_89'),
	(359, '2022-11-12 12:12:00', 360, 'User 4_89', 'secret', 777, 'User_4_89'),
	(361, '2022-12-12 12:12:00', 361, 'User 1_90', 'secret', 123, 'User_1_90'),
	(361, '2022-12-12 12:12:00', 362, 'User 2_90', 'secret', 456, 'User_2_90'),
	(362, '2022-12-12 12:12:00', 363, 'User 3_90', 'secret', NULL, 'User_3_90'),
	(363, '2022-11-12 12:12:00', 364, 'User 4_90', 'secret', 777, 'User_4_90'),
	(365, '2022-12-12 12:12:00', 365, 'User 1_91', 'secret', 123, 'User_1_91'),
	(365, '2022-12-12 12:12:00', 366, 'User 2_91', 'secret', 456, 'User_2_91'),
	(366, '2022-12-12 12:12:00', 367, 'User 3_91', 'secret', NULL, 'User_3_91'),
	(367, '2022-11-12 12:12:00', 368, 'User 4_91', 'secret', 777, 'User_4_91'),
	(369, '2022-12-12 12:12:00', 369, 'User 1_92', 'secret', 123, 'User_1_92'),
	(369, '2022-12-12 12:12:00', 370, 'User 2_92', 'secret', 456, 'User_2_92'),
	(370, '2022-12-12 12:12:00', 371, 'User 3_92', 'secret', NULL, 'User_3_92'),
	(371, '2022-11-12 12:12:00', 372, 'User 4_92', 'secret', 777, 'User_4_92'),
	(373, '2022-12-12 12:12:00', 373, 'User 1_93', 'secret', 123, 'User_1_93'),
	(373, '2022-12-12 12:12:00', 374, 'User 2_93', 'secret', 456, 'User_2_93'),
	(374, '2022-12-12 12:12:00', 375, 'User 3_93', 'secret', NULL, 'User_3_93'),
	(375, '2022-11-12 12:12:00', 376, 'User 4_93', 'secret', 777, 'User_4_93'),
	(377, '2022-12-12 12:12:00', 377, 'User 1_94', 'secret', 123, 'User_1_94'),
	(377, '2022-12-12 12:12:00', 378, 'User 2_94', 'secret', 456, 'User_2_94'),
	(378, '2022-12-12 12:12:00', 379, 'User 3_94', 'secret', NULL, 'User_3_94'),
	(379, '2022-11-12 12:12:00', 380, 'User 4_94', 'secret', 777, 'User_4_94'),
	(381, '2022-12-12 12:12:00', 381, 'User 1_95', 'secret', 123, 'User_1_95'),
	(381, '2022-12-12 12:12:00', 382, 'User 2_95', 'secret', 456, 'User_2_95'),
	(382, '2022-12-12 12:12:00', 383, 'User 3_95', 'secret', NULL, 'User_3_95'),
	(383, '2022-11-12 12:12:00', 384, 'User 4_95', 'secret', 777, 'User_4_95'),
	(385, '2022-12-12 12:12:00', 385, 'User 1_96', 'secret', 123, 'User_1_96'),
	(385, '2022-12-12 12:12:00', 386, 'User 2_96', 'secret', 456, 'User_2_96'),
	(386, '2022-12-12 12:12:00', 387, 'User 3_96', 'secret', NULL, 'User_3_96'),
	(387, '2022-11-12 12:12:00', 388, 'User 4_96', 'secret', 777, 'User_4_96'),
	(389, '2022-12-12 12:12:00', 389, 'User 1_97', 'secret', 123, 'User_1_97'),
	(389, '2022-12-12 12:12:00', 390, 'User 2_97', 'secret', 456, 'User_2_97'),
	(390, '2022-12-12 12:12:00', 391, 'User 3_97', 'secret', NULL, 'User_3_97'),
	(391, '2022-11-12 12:12:00', 392, 'User 4_97', 'secret', 777, 'User_4_97'),
	(393, '2022-12-12 12:12:00', 393, 'User 1_98', 'secret', 123, 'User_1_98'),
	(393, '2022-12-12 12:12:00', 394, 'User 2_98', 'secret', 456, 'User_2_98'),
	(394, '2022-12-12 12:12:00', 395, 'User 3_98', 'secret', NULL, 'User_3_98'),
	(395, '2022-11-12 12:12:00', 396, 'User 4_98', 'secret', 777, 'User_4_98'),
	(397, '2022-12-12 12:12:00', 397, 'User 1_99', 'secret', 123, 'User_1_99'),
	(397, '2022-12-12 12:12:00', 398, 'User 2_99', 'secret', 456, 'User_2_99'),
	(398, '2022-12-12 12:12:00', 399, 'User 3_99', 'secret', NULL, 'User_3_99'),
	(399, '2022-11-12 12:12:00', 400, 'User 4_99', 'secret', 777, 'User_4_99');
INSERT INTO FOO_USER_COMPANY (ASSIGNED_COMPANY_ID, USER_ID) VALUES
	(2, 2),
	(3, 3),
	(6, 6),
	(7, 7),
	(10, 10),
	(11, 11),
	(14, 14),
	(15, 15),
	(18, 18),
	(19, 19),
	(22, 22),
	(23, 23),
	(26, 26),
	(27, 27),
	(30, 30),
	(31, 31),
	(34, 34),
	(35, 35),
	(38, 38),
	(39, 39),
	(42, 42),
	(43, 43),
	(46, 46),
	(47, 47),
	(50, 50),
	(51, 51),
	(54, 54),
	(55, 55),
	(58, 58),
	(59, 59),
	(62, 62),
	(63, 63),
	(66, 66),
	(67, 67),
	(70, 70),
	(71, 71),
	(74, 74),
	(75, 75),
	(78, 78),
	(79, 79),
	(82, 82),
	(83, 83),
	(86, 86),
	(87, 87),
	(90, 90),
	(91, 91),
	(94, 94),
	(95, 95),
	(98, 98),
	(99, 99),
	(102, 102),
	(103, 103),
	(106, 106),
	(107, 107),
	(110, 110),
	(111, 111),
	(114, 114),
	(115, 115),
	(118, 118),
	(119, 119),
	(122, 122),
	(123, 123),
	(126, 126),
	(127, 127),
	(130, 130),
	(131, 131),
	(134, 134),
	(135, 135),
	(138, 138),
	(139, 139),
	(142, 142),
	(143, 143),
	(146, 146),
	(147, 147),
	(150, 150),
	(151, 151),
	(154, 154),
	(155, 155),
	(158, 158),
	(159, 159),
	(162, 162),
	(163, 163),
	(166, 166),
	(167, 167),
	(170, 170),
	(171, 171),
	(174, 174),
	(175, 175),
	(178, 178),
	(179, 179),
	(182, 182),
	(183, 183),
	(186, 186),
	(187, 187),
	(190, 190),
	(191, 191),
	(194, 194),
	(195, 195),
	(198, 198),
	(199, 199),
	(202, 202),
	(203, 203),
	(206, 206),
	(207, 207),
	(210, 210),
	(211, 211),
	(214, 214),
	(215, 215),
	(218, 218),
	(219, 219),
	(222, 222),
	(223, 223),
	(226, 226),
	(227, 227),
	(230, 230),
	(231, 231),
	(234, 234),
	(235, 235),
	(238, 238),
	(239, 239),
	(242, 242),
	(243, 243),
	(246, 246),
	(247, 247),
	(250, 250),
	(251, 251),
	(254, 254),
	(255, 255),
	(258, 258),
	(259, 259),
	(262, 262),
	(263, 263),
	(266, 266),
	(267, 267),
	(270, 270),
	(271, 271),
	(274, 274),
	(275, 275),
	(278, 278),
	(279, 279),
	(282, 282),
	(283, 283),
	(286, 286),
	(287, 287),
	(290, 290),
	(291, 291),
	(294, 294),
	(295, 295),
	(298, 298),
	(299, 299),
	(302, 302),
	(303, 303),
	(306, 306),
	(307, 307),
	(310, 310),
	(311, 311),
	(314, 314),
	(315, 315),
	(318, 318),
	(319, 319),
	(322, 322),
	(323, 323),
	(326, 326),
	(327, 327),
	(330, 330),
	(331, 331),
	(334, 334),
	(335, 335),
	(338, 338),
	(339, 339),
	(342, 342),
	(343, 343),
	(346, 346),
	(347, 347),
	(350, 350),
	(351, 351),
	(354, 354),
	(355, 355),
	(358, 358),
	(359, 359),
	(362, 362),
	(363, 363),
	(366, 366),
	(367, 367),
	(370, 370),
	(371, 371),
	(374, 374),
	(375, 375),
	(378, 378),
	(379, 379),
	(382, 382),
	(383, 383),
	(386, 386),
	(387, 387),
	(390, 390),
	(391, 391),
	(394, 394),
	(395, 395),
	(398, 398),
	(399, 399);
INSERT INTO FOO_USER_ROLES (ROLE_ID, USER_ID) VALUES
	(1, 1),
	(1, 2),
	(3, 3),
	(5, 5),
	(5, 6),
	(7, 7),
	(9, 9),
	(9, 10),
	(11, 11),
	(13, 13),
	(13, 14),
	(15, 15),
	(17, 17),
	(17, 18),
	(19, 19),
	(21, 21),
	(21, 22),
	(23, 23),
	(25, 25),
	(25, 26),
	(27, 27),
	(29, 29),
	(29, 30),
	(31, 31),
	(33, 33),
	(33, 34),
	(35, 35),
	(37, 37),
	(37, 38),
	(39, 39),
	(41, 41),
	(41, 42),
	(43, 43),
	(45, 45),
	(45, 46),
	(47, 47),
	(49, 49),
	(49, 50),
	(51, 51),
	(53, 53),
	(53, 54),
	(55, 55),
	(57, 57),
	(57, 58),
	(59, 59),
	(61, 61),
	(61, 62),
	(63, 63),
	(65, 65),
	(65, 66),
	(67, 67),
	(69, 69),
	(69, 70),
	(71, 71),
	(73, 73),
	(73, 74),
	(75, 75),
	(77, 77),
	(77, 78),
	(79, 79),
	(81, 81),
	(81, 82),
	(83, 83),
	(85, 85),
	(85, 86),
	(87, 87),
	(89, 89),
	(89, 90),
	(91, 91),
	(93, 93),
	(93, 94),
	(95, 95),
	(97, 97),
	(97, 98),
	(99, 99),
	(101, 101),
	(101, 102),
	(103, 103),
	(105, 105),
	(105, 106),
	(107, 107),
	(109, 109),
	(109, 110),
	(111, 111),
	(113, 113),
	(113, 114),
	(115, 115),
	(117, 117),
	(117, 118),
	(119, 119),
	(121, 121),
	(121, 122),
	(123, 123),
	(125, 125),
	(125, 126),
	(127, 127),
	(129, 129),
	(129, 130),
	(131, 131),
	(133, 133),
	(133, 134),
	(135, 135),
	(137, 137),
	(137, 138),
	(139, 139),
	(141, 141),
	(141, 142),
	(143, 143),
	(145, 145),
	(145, 146),
	(147, 147),
	(149, 149),
	(149, 150),
	(151, 151),
	(153, 153),
	(153, 154),
	(155, 155),
	(157, 157),
	(157, 158),
	(159, 159),
	(161, 161),
	(161, 162),
	(163, 163),
	(165, 165),
	(165, 166),
	(167, 167),
	(169, 169),
	(169, 170),
	(171, 171),
	(173, 173),
	(173, 174),
	(175, 175),
	(177, 177),
	(177, 178),
	(179, 179),
	(181, 181),
	(181, 182),
	(183, 183),
	(185, 185),
	(185, 186),
	(187, 187),
	(189, 189),
	(189, 190),
	(191, 191),
	(193, 193),
	(193, 194),
	(195, 195),
	(197, 197),
	(197, 198),
	(199, 199),
	(201, 201),
	(201, 202),
	(203, 203),
	(205, 205),
	(205, 206),
	(207, 207),
	(209, 209),
	(209, 210),
	(211, 211),
	(213, 213),
	(213, 214),
	(215, 215),
	(217, 217),
	(217, 218),
	(219, 219),
	(221, 221),
	(221, 222),
	(223, 223),
	(225, 225),
	(225, 226),
	(227, 227),
	(229, 229),
	(229, 230),
	(231, 231),
	(233, 233),
	(233, 234),
	(235, 235),
	(237, 237),
	(237, 238),
	(239, 239),
	(241, 241),
	(241, 242),
	(243, 243),
	(245, 245),
	(245, 246),
	(247, 247),
	(249, 249),
	(249, 250),
	(251, 251),
	(253, 253),
	(253, 254),
	(255, 255),
	(257, 257),
	(257, 258),
	(259, 259),
	(261, 261),
	(261, 262),
	(263, 263),
	(265, 265),
	(265, 266),
	(267, 267),
	(269, 269),
	(269, 270),
	(271, 271),
	(273, 273),
	(273, 274),
	(275, 275),
	(277, 277),
	(277, 278),
	(279, 279),
	(281, 281),
	(281, 282),
	(283, 283),
	(285, 285),
	(285, 286),
	(287, 287),
	(289, 289),
	(289, 290),
	(291, 291),
	(293, 293),
	(293, 294),
	(295, 295),
	(297, 297),
	(297, 298),
	(299, 299),
	(301, 301),
	(301, 302),
	(303, 303),
	(305, 305),
	(305, 306),
	(307, 307),
	(309, 309),
	(309, 310),
	(311, 311),
	(313, 313),
	(313, 314),
	(315, 315),
	(317, 317),
	(317, 318),
	(319, 319),
	(321, 321),
	(321, 322),
	(323, 323),
	(325, 325),
	(325, 326),
	(327, 327),
	(329, 329),
	(329, 330),
	(331, 331),
	(333, 333),
	(333, 334),
	(335, 335),
	(337, 337),
	(337, 338),
	(339, 339),
	(341, 341),
	(341, 342),
	(343, 343),
	(345, 345),
	(345, 346),
	(347, 347),
	(349, 349),
	(349, 350),
	(351, 351),
	(353, 353),
	(353, 354),
	(355, 355),
	(357, 357),
	(357, 358),
	(359, 359),
	(361, 361),
	(361, 362),
	(363, 363),
	(365, 365),
	(365, 366),
	(367, 367),
	(369, 369),
	(369, 370),
	(371, 371),
	(373, 373),
	(373, 374),
	(375, 375),
	(377, 377),
	(377, 378),
	(379, 379),
	(381, 381),
	(381, 382),
	(383, 383),
	(385, 385),
	(385, 386),
	(387, 387),
	(389, 389),
	(389, 390),
	(391, 391),
	(393, 393),
	(393, 394),
	(395, 395),
	(397, 397),
	(397, 398),
	(399, 399);
